{
    "0": {
        "id": 0,
        "px": -4.24819910740383,
        "py": 1.23464417806706,
        "vx": 0.8332935332762705,
        "vy": 0.9991100162702287,
        "gx": 3.5004271698342,
        "gy": 14.1507237538123,
        "distancing": 2,
        "start_time": 0,
        "visible": 1,
        "tau": 0.5,
        "finished": 0
    },
    "1": {
        "id": 1,
        "px": -4.52921641214892,
        "py": 1.35693902114385,
        "vx": 1.249317851489964,
        "vy": 0.1510712987971416,
        "gx": 2.52381087644997,
        "gy": 14.1140948345563,
        "distancing": 2,
        "start_time": 6,
        "visible": 0,
        "tau": 0.5,
        "finished": 0
    },
    "2": {
        "id": 2,
        "px": -4.83019983618843,
        "py": 1.4212980690088,
        "vx": 1.5580995334287255,
        "vy": 0.6041425312566759,
        "gx": -0.565958671705139,
        "gy": 13.9202786147521,
        "distancing": 2,
        "start_time": 15,
        "visible": 0,
        "tau": 0.5,
        "finished": 0
    },
    "3": {
        "id": 3,
        "px": 1.22409336245521,
        "py": -1.46377482112382,
        "vx": 0.4791527289998193,
        "vy": 1.2911354011660203,
        "gx": 3.13218994851643,
        "gy": 11.2999473479274,
        "distancing": 2,
        "start_time": 19,
        "visible": 0,
        "tau": 0.5,
        "finished": 0
    },
    "4": {
        "id": 4,
        "px": -2.57052955352024,
        "py": 11.6454603725481,
        "vx": -0.6934737409629866,
        "vy": -0.6017570101415113,
        "gx": -1.99721228405709,
        "gy": -1.00859515280093,
        "distancing": 2,
        "start_time": 41,
        "visible": 0,
        "tau": 0.5,
        "finished": 0
    },
    "5": {
        "id": 5,
        "px": 0.718815344237999,
        "py": -1.44011308468075,
        "vx": -0.29077365291814544,
        "vy": 1.1396347820907256,
        "gx": 1.832037053151,
        "gy": 10.8454905879628,
        "distancing": 2,
        "start_time": 52,
        "visible": 0,
        "tau": 0.5,
        "finished": 0
    },
    "6": {
        "id": 6,
        "px": 1.28139726049818,
        "py": -1.33262627899244,
        "vx": 0.06840890748252344,
        "vy": 1.6573192741293328,
        "gx": 2.58632544787049,
        "gy": 15.337896315427,
        "distancing": 2,
        "start_time": 52,
        "visible": 0,
        "tau": 0.5,
        "finished": 0
    },
    "7": {
        "id": 7,
        "px": -4.98354230777674,
        "py": 1.43472098775582,
        "vx": 0.5153829953459104,
        "vy": 1.131778883291354,
        "gx": 1.78553459491325,
        "gy": 10.7242571783996,
        "distancing": 2,
        "start_time": 73,
        "visible": 0,
        "tau": 0.5,
        "finished": 0
    },
    "8": {
        "id": 8,
        "px": 2.48312095401027,
        "py": -0.9209062948027,
        "vx": 0.4452511701025301,
        "vy": 1.3568141745644662,
        "gx": 3.16207241967665,
        "gy": 10.6168245231308,
        "distancing": 2,
        "start_time": 108,
        "visible": 0,
        "tau": 0.5,
        "finished": 0
    },
    "9": {
        "id": 9,
        "px": -2.4493936326781,
        "py": 12.068058350742,
        "vx": -0.19279727591124515,
        "vy": -1.0339608962644822,
        "gx": -1.14140858533961,
        "gy": -1.21664078333102,
        "distancing": 2,
        "start_time": 70,
        "visible": 0,
        "tau": 0.5,
        "finished": 0
    },
    "10": {
        "id": 10,
        "px": -3.64569506313503,
        "py": 10.3674013268546,
        "vx": -1.8120683575320196,
        "vy": 0.8307748566293567,
        "gx": -6.80594311073866,
        "gy": 8.47218909154193,
        "distancing": 2,
        "start_time": 94,
        "visible": 0,
        "tau": 0.5,
        "finished": 0
    }
}