{
    "0": {
        "id": 0,
        "px": -4.24819910740383,
        "py": 1.23464417806706,
        "vx": 0.2972574087890976,
        "vy": 0.35640844752992473,
        "gx": 3.5004271698342,
        "gy": 14.1507237538123,
        "distancing": 2,
        "start_time": 0,
        "visible": 1,
        "tau": 0.5,
        "finished": 0
    },
    "1": {
        "id": 1,
        "px": -4.52921641214892,
        "py": 1.35693902114385,
        "vx": 1.5019035935639025,
        "vy": 0.18161473181319998,
        "gx": 2.52381087644997,
        "gy": 14.1140948345563,
        "distancing": 2,
        "start_time": 6,
        "visible": 0,
        "tau": 0.5,
        "finished": 0
    },
    "2": {
        "id": 2,
        "px": -4.83019983618843,
        "py": 1.4212980690088,
        "vx": 0.6363385295047336,
        "vy": 0.2467359508831575,
        "gx": -0.565958671705139,
        "gy": 13.9202786147521,
        "distancing": 2,
        "start_time": 15,
        "visible": 0,
        "tau": 0.5,
        "finished": 0
    },
    "3": {
        "id": 3,
        "px": 1.22409336245521,
        "py": -1.46377482112382,
        "vx": 0.303208665640827,
        "vy": 0.8170326880248876,
        "gx": 3.13218994851643,
        "gy": 11.2999473479274,
        "distancing": 2,
        "start_time": 19,
        "visible": 0,
        "tau": 0.5,
        "finished": 0
    },
    "4": {
        "id": 4,
        "px": -2.57052955352024,
        "py": 11.6454603725481,
        "vx": -0.7595809663566174,
        "vy": -0.6591210946797108,
        "gx": -1.99721228405709,
        "gy": -1.00859515280093,
        "distancing": 2,
        "start_time": 41,
        "visible": 0,
        "tau": 0.5,
        "finished": 0
    },
    "5": {
        "id": 5,
        "px": 0.718815344237999,
        "py": -1.44011308468075,
        "vx": -0.16972794437754052,
        "vy": 0.6652180036402966,
        "gx": 1.832037053151,
        "gy": 10.8454905879628,
        "distancing": 2,
        "start_time": 52,
        "visible": 0,
        "tau": 0.5,
        "finished": 0
    },
    "6": {
        "id": 6,
        "px": 1.28139726049818,
        "py": -1.33262627899244,
        "vx": 0.035174669137778065,
        "vy": 0.852164714632443,
        "gx": 2.58632544787049,
        "gy": 15.337896315427,
        "distancing": 2,
        "start_time": 52,
        "visible": 0,
        "tau": 0.5,
        "finished": 0
    },
    "7": {
        "id": 7,
        "px": -4.98354230777674,
        "py": 1.43472098775582,
        "vx": 0.16895127496135515,
        "vy": 0.37101628698105305,
        "gx": 1.78553459491325,
        "gy": 10.7242571783996,
        "distancing": 2,
        "start_time": 73,
        "visible": 0,
        "tau": 0.5,
        "finished": 0
    },
    "8": {
        "id": 8,
        "px": 2.48312095401027,
        "py": -0.9209062948027,
        "vx": 0.4265238011705996,
        "vy": 1.2997462512768299,
        "gx": 3.16207241967665,
        "gy": 10.6168245231308,
        "distancing": 2,
        "start_time": 108,
        "visible": 0,
        "tau": 0.5,
        "finished": 0
    },
    "9": {
        "id": 9,
        "px": -2.4493936326781,
        "py": 12.068058350742,
        "vx": -0.22586860467473927,
        "vy": -1.2113205636526314,
        "gx": -1.14140858533961,
        "gy": -1.21664078333102,
        "distancing": 2,
        "start_time": 70,
        "visible": 0,
        "tau": 0.5,
        "finished": 0
    },
    "10": {
        "id": 10,
        "px": -3.64569506313503,
        "py": 10.3674013268546,
        "vx": -3.191793714568581,
        "vy": 1.4633344015910499,
        "gx": -6.80594311073866,
        "gy": 8.47218909154193,
        "distancing": 2,
        "start_time": 94,
        "visible": 0,
        "tau": 0.5,
        "finished": 0
    }
}