{
    "0": {
        "id": 0,
        "px": -2.69403607398715,
        "py": 12.6035011702336,
        "vx": 0.062163684706615756,
        "vy": -1.8654905696789366,
        "gx": -1.25992141247125,
        "gy": -1.14815300893706,
        "distancing": 2,
        "start_time": 0,
        "visible": 1,
        "tau": 0.5,
        "finished": 0
    },
    "1": {
        "id": 1,
        "px": -1.40690705920518,
        "py": 9.91053822115021,
        "vx": 0.1433144813855969,
        "vy": -1.797954536778056,
        "gx": -1.66166094062408,
        "gy": -1.126771722026,
        "distancing": 2,
        "start_time": 49,
        "visible": 0,
        "tau": 0.5,
        "finished": 0
    },
    "2": {
        "id": 2,
        "px": -0.640719192615206,
        "py": 10.0025556691615,
        "vx": -0.4939094061567595,
        "vy": -1.5254771945235035,
        "gx": -1.17605947539734,
        "gy": -1.13088818741937,
        "distancing": 2,
        "start_time": 51,
        "visible": 0,
        "tau": 0.5,
        "finished": 0
    },
    "3": {
        "id": 3,
        "px": -1.9755196765086,
        "py": 13.0342583489239,
        "vx": -0.3845329662651861,
        "vy": -1.3599626018315893,
        "gx": -2.25617869254024,
        "gy": -0.882221272635868,
        "distancing": 2,
        "start_time": 83,
        "visible": 0,
        "tau": 0.5,
        "finished": 0
    },
    "4": {
        "id": 4,
        "px": -0.29714373303541,
        "py": 12.2806767110196,
        "vx": -0.42183155318809795,
        "vy": -0.5738550149,
        "gx": -1.51132957608959,
        "gy": -1.05348326920044,
        "distancing": 2,
        "start_time": 83,
        "visible": 0,
        "tau": 0.5,
        "finished": 0
    },
    "5": {
        "id": 5,
        "px": -4.43771614099913,
        "py": 13.5173054566299,
        "vx": -1.2225218494755632,
        "vy": -1.3429107407135439,
        "gx": -7.59430474472953,
        "gy": 9.37992649262422,
        "distancing": 2,
        "start_time": 113,
        "visible": 0,
        "tau": 0.5,
        "finished": 0
    },
    "6": {
        "id": 6,
        "px": 1.41048760020062,
        "py": -1.28958209850846,
        "vx": 0.3778750637757011,
        "vy": 0.7828491699382001,
        "gx": 3.22484505843294,
        "gy": 14.3442946835011,
        "distancing": 2,
        "start_time": 10,
        "visible": 0,
        "tau": 0.5,
        "finished": 0
    },
    "7": {
        "id": 7,
        "px": 2.64466216928849,
        "py": -1.04054472519188,
        "vx": 0.19846500673857065,
        "vy": 0.8565884564999621,
        "gx": 3.76763609383843,
        "gy": 9.06369808434534,
        "distancing": 2,
        "start_time": 73,
        "visible": 0,
        "tau": 0.5,
        "finished": 0
    },
    "8": {
        "id": 8,
        "px": 2.12547344347959,
        "py": -1.15897306044403,
        "vx": 0.15559898336090472,
        "vy": 0.7118333386293234,
        "gx": 3.52978873034929,
        "gy": 10.0066733847774,
        "distancing": 2,
        "start_time": 101,
        "visible": 0,
        "tau": 0.5,
        "finished": 0
    },
    "9": {
        "id": 9,
        "px": 2.82497157546821,
        "py": -1.03151095673203,
        "vx": -0.03347990402097838,
        "vy": 0.8064805843315409,
        "gx": 0.312641187874029,
        "gy": 9.93357232873367,
        "distancing": 2,
        "start_time": 113,
        "visible": 0,
        "tau": 0.5,
        "finished": 0
    },
    "10": {
        "id": 10,
        "px": 0.0373803326445687,
        "py": 9.69943523835816,
        "vx": -0.2983853214250767,
        "vy": -0.30874989452562857,
        "gx": 0.760321043371854,
        "gy": -1.53666060113161,
        "distancing": 2,
        "start_time": 105,
        "visible": 0,
        "tau": 0.5,
        "finished": 0
    }
}