{
    "0": {
        "id": 0,
        "px": 1.66240906629129,
        "py": -1.41444718156353,
        "vx": 0.10549536184225555,
        "vy": 1.0281706037290974,
        "gx": 3.62398166525555,
        "gy": 12.0843838021502,
        "distancing": 2,
        "start_time": 0,
        "visible": 1,
        "tau": 0.5,
        "finished": 0
    },
    "1": {
        "id": 1,
        "px": 1.72618968695561,
        "py": -1.35062015757925,
        "vx": -0.2477419269524983,
        "vy": 0.9100108691386,
        "gx": 3.24504630361401,
        "gy": 17.2138113597485,
        "distancing": 2,
        "start_time": 40,
        "visible": 0,
        "tau": 0.5,
        "finished": 0
    },
    "2": {
        "id": 2,
        "px": -1.22266876860595,
        "py": 11.7924934190891,
        "vx": -1.0765460750892997,
        "vy": -1.6671482428679951,
        "gx": -1.57854694491318,
        "gy": -1.12752973849716,
        "distancing": 2,
        "start_time": 105,
        "visible": 0,
        "tau": 0.5,
        "finished": 0
    },
    "3": {
        "id": 3,
        "px": 0.116302260539096,
        "py": 12.2675765886667,
        "vx": -0.526077777249936,
        "vy": -1.4062794086759922,
        "gx": -0.819225784218307,
        "gy": -1.35434852559579,
        "distancing": 2,
        "start_time": 105,
        "visible": 0,
        "tau": 0.5,
        "finished": 0
    }
}