{
    "0": {
        "id": 0,
        "px": -4.82704473681502,
        "py": 1.34493284516515,
        "vx": 0.5569706354210056,
        "vy": 1.3643863549652855,
        "gx": 3.6405879047711,
        "gy": 12.4879073424809,
        "distancing": 2,
        "start_time": 0,
        "visible": 1,
        "tau": 0.5,
        "finished": 0
    },
    "1": {
        "id": 1,
        "px": -1.8691536574389,
        "py": 13.9275835635702,
        "vx": -0.012832785897569563,
        "vy": -1.5275077927229308,
        "gx": -0.889271899718412,
        "gy": -1.32361417280695,
        "distancing": 2,
        "start_time": 0,
        "visible": 1,
        "tau": 0.5,
        "finished": 0
    }
}