{
    "0": {
        "id": 0,
        "px": -4.82704473681502,
        "py": 1.34493284516515,
        "vx": 0.1958047580794009,
        "vy": 0.47965426392519994,
        "gx": 3.6405879047711,
        "gy": 12.4879073424809,
        "distancing": 2,
        "start_time": 0,
        "visible": 1,
        "tau": 0.5,
        "finished": 0
    },
    "1": {
        "id": 1,
        "px": -1.8691536574389,
        "py": 13.9275835635702,
        "vx": -0.003891063402898798,
        "vy": -0.4631597314370062,
        "gx": -0.889271899718412,
        "gy": -1.32361417280695,
        "distancing": 2,
        "start_time": 0,
        "visible": 1,
        "tau": 0.5,
        "finished": 0
    }
}